
{
  "bca": "https://cdn.jsdelivr.net/gh/Adekabang/indonesia-logo-library@main/Bank/Bank%20Logo/BCA.svg",
  "mandiri": "https://cdn.jsdelivr.net/gh/Adekabang/indonesia-logo-library@main/Bank/Bank%20Logo/Mandiri.svg",
  "bni": "https://cdn.jsdelivr.net/gh/Adekabang/indonesia-logo-library@main/Bank/Bank%20Logo/BNI.svg",
  "bri": "https://cdn.jsdelivr.net/gh/Adekabang/indonesia-logo-library@main/Bank/Bank%20Logo/BRI.svg",
  "cimb-niaga": "https://cdn.jsdelivr.net/gh/Adekabang/indonesia-logo-library@main/Bank/Bank%20Logo/CIMB%20Niaga.svg",
  "danamon": "https://cdn.jsdelivr.net/gh/Adekabang/indonesia-logo-library@main/Bank/Bank%20Logo/Danamon.svg",
  "toyota": "https://cdn.jsdelivr.net/gh/filippofilip95/car-logos-dataset@master/logos/original/toyota.png",
  "honda": "https://cdn.jsdelivr.net/gh/filippofilip95/car-logos-dataset@master/logos/original/honda.png",
  "mitsubishi": "https://cdn.jsdelivr.net/gh/filippofilip95/car-logos-dataset@master/logos/original/mitsubishi.png",
  "daihatsu": "https://cdn.jsdelivr.net/gh/filippofilip95/car-logos-dataset@master/logos/original/daihatsu.png"
}
